exchange_rate_idr_usd,gdp_growth_percent,inflation_yoy_percent
15855.4482866711,5.04810577067288,3.67013142377007
